,Operador,cant_Accidentes
0,Military - U.S. Army,82
1,Desconocido,10
2,Military - U.S. Navy,39
3,Private,78
4,Military - German Navy,15
5,Military - German Army,4
6,US Aerial Mail Service,35
7,Wingfoot Air Express Goodyear Tire,1
8,Caproni Company,1
9,Aircraft Transport and Travel,2
10,Aircraft Travel Transport,1
11,Compañia Colombiana de Navegación Aérea,1
12,By Air,1
13,Latecoere Airlines,4
14,Handley Page Transport,2
15,Aeropostale,25
16,Military - Royal Australian Air Force,11
17,Military - Royal Airship Works,1
18,Franco-Roumaine,2
19,West Australian Airways,1
20,Military - U.S. Army Air Service,1
21,Aero Limited,1
22,Daimler Airways / Grands Express Aeriens,1
23,Cie des Messageries Aeriennes,1
24,Compagnie Franco-Roumaine de Navigaation Aerienne,1
25,Grands Express Aeriens,11
26,de Havilland Air Service,1
27,Amee de l'Air,1
28,Grands Express Aeriens (Air Union),0
29,Air Union,12
30,Campagnie France Roumaine,1
31,Daimler Airways,2
32,CCCP,1
33,Military - French Navy,1
34,KLM Royal Dutch Airlines,34
35,SCADTA,4
36,Imperial Airways,23
37,Zakavia,1
38,Lignes Aeriennes Latecoere,3
39,CIDNA,7
40,Deutche Lufthansa,1
41,Compagnie Internationale de Navigation Aérienne,1
42,Deutsche Lufthansa,63
43,Pacific Air Transport,6
44,Fokker,1
45,Qantas,14
46,Varney Air Lines,8
47,Colonial Air Transport,6
48,Reynolds Airways,1
49,Aero O-Y,4
50,National Air Transport,10
51,Colonial Western Airlines,2
52,Boeing Air Transport,6
53,Iberia Airlines,13
54,Ford Air Freight Inc.,1
55,British Columbia Airways,1
56,National Parks Airways,1
57,Universal Airlines,2
58,Continental Air Lines,3
59,Sunbeam Air Transport Co.,1
60,Syndicato Condor,5
61,Spokane Airways,1
62,Interstate Airlines,1
63,Aeroespresso,1
64,Skyline Transportation Company,1
65,New Standard Airlines,1
66,Maddux Airlines / Military - U.S.Army Air Force,1
67,Mexicana,19
68,MALERT,1
69,Pan American Airways,6
70,Northwest Orient Airlines,25
71,Bodensee Aerolloyd,1
72,Middle States Airlines,1
73,Ukvozduchput,1
74,Associated Aviators,1
75,Trans Continental Air Transport,2
76,Skyways,8
77,Pickwick Airways,1
78,Bremerton-Seattle Air Taxi / Gorst Air Lines,1
79,Corp. Aeronautica de Transportes,1
80,S.A.M. Società Aerea Mediterranea,1
81,Air Orient,5
82,Maddux Airlines,2
83,Central  Airlines (Universal Aviation Corporation),0
84,Canadian Colonial Airways,1
85,Cross Airways,2
86,Walcot Air Line,1
87,Ceskoslovenske Aerolinie,16
88,Sabena,24
89,Western Canada Airways,2
90,Military - British Air Ministry,1
91,Wings Ltd,1
92,Alaska-Washington Airways,1
93,Embry Riddle Company,1
94,China National Aviation Corporation,43
95,Dominion Air Lines,1
96,Australian National Airways,8
97,Trans Continental and Western Air,18
98,Guiena Airways,1
99,Rubner Flying Service,1
100,Braniff Airlines,10
101,Australian Aerial Services,1
102,American Airways,22
103,Chicago-Detroit Airways,1
104,"NY, Phil., Washington AW",1
105,Union Airways,2
106,Braniff Airways,2
107,Northwest Airways,1
108,Century Pacific Lines,1
109,Bimini Airways,1
110,Transamerican Airlines,1
111,Century Air Lines,1
112,Transamerica Airlines,2
113,Panagra,3
114,A B Aerotransport,2
115,New England Airways,1
116,Lloyd Aero Boliviano,2
117,Hunter Airways,1
118,Guinea Airways,4
119,Eastern Air Transport,8
120,Pan American Grace Airways,4
121,Varney Airlines,1
122,Eurasia,1
123,Aeropostale - La Tecoere Company,1
124,Palwaukee,1
125,Societa Anonima Aero Expresso Italiana,1
126,Aeroput,4
127,United Air Lines,47
128,Air France,74
129,Kalinin,1
130,Boeing Aircraft Company,3
131,Pan American Airways (Scadta),0
132,Pan American Grace Airlines,2
133,Aerevias Centrales Air Service,1
134,United Air Services,1
135,Swissair,11
136,Rapid Air Transport,2
137,Hillman's Airways,1
138,Holymans Airways,2
139,Holdens Air Transport Service,1
140,Cubana de Aviacion,15
141,American Airlines,39
142,Aeroflot,265
143,Indian Air Force,22
144,Deruluft,3
145,Military - US Navy,6
146,Misrair,7
147,Gor'ky Eskadril'ya,1
148,Knowles Flying Service of Detroit,1
149,Wyoming Air Service,1
150,Chicago and Southern Airlines,2
151,Servicio Aereo Columbiano / SCADTA,1
152,Wedell-Williams Air Service Corporation,1
153,Jersey Airways,2
154,Fuerza Aerea Colombiana,3
155,Ala Littoria,10
156,Delta Air Lines,13
157,Aero Mayflower Transit Co,1
158,Western Air Express,3
159,Panama Airways,1
160,Holyman Airways,1
161,Chamberlin Flying Service,1
162,Air Bleu,1
163,Military - Fuerza Aerea Colombiana,1
164,Lloyd Aereo Boliviano,9
165,Lan Chile,1
166,Avio Linee Italiane,5
167,Den Norske Luftfartskole,1
168,Guernsey Airways,1
169,Chicago Southern Airlines,1
170,British Airways,11
171,Pittsburgh Skyways Inc.,1
172,Ala Littoria SA,3
173,Blue Bird Air Service,1
174,North Sea Aerial and General Transport,1
175,Eastern Air Lines,29
176,Airlines of Australia,2
177,Deutsche Zeppelin Reederei,1
178,Fuerzs Aerea De Chile,1
179,ENTA,1
180,Private - Purdue Reasearch Foundation,1
181,Lot Polish Airlines,1
182,LOT,13
183,Lufthansa,74
184,Pan American World Airways,42
185,General Airways,2
186,Military - U.S. Navy / Military - U.S. Navy,2
187,TsAGI,1
188,Lineas Aéreas Mineras,1
189,United Airways of New Zealand,1
190,Cruzeiro do Sul,1
191,Ginger Coote Airways,1
192,Wilson Airways,1
193,LOT Polish Airlines,12
194,Magyar Legiforagalmi,1
195,Dai Nippon,1
196,CSA Czech Airlines,1
197,Macchi,1
198,Japan Air / Japan Flying School,1
199,Transcontinental &Western Air,1
200,North Queensland Airways,1
201,Trans Canada Air Lines,8
202,Japan Aviation Corporation,1
203,Marine Airways,1
204,Military - Ecuadorian Air Force,1
205,KLM Royal Duch Airlines,1
206,British American Air Services,1
207,Indian National Airways,1
208,Scarta,1
209,Linee Aeree Italiane,5
210,KNILM,3
211,British Overseas Airways,31
212,Douglas Aircraft Company,1
213,LARES,2
214,Pennsylvania Central Airlines,4
215,Lloyd Aero Boliviano SA,1
216,VASP,21
217,Ala Littolia,1
218,LATI,4
219,Malert Airlines,1
220,South African Airways,7
221,Great Western and Southern Air Lines,1
222,Manchurian Air Lines,1
223,Military -Royal Air Force,22
224,Military - Royal Air Force,32
225,Panair do Brasil,13
226,BOAC,5
227,Military - U.S. Army Air Force,46
228,Guinea Airways Limited,1
229,Military - U.S. Army Air Forces,45
230,Panair do Brasil SA,1
231,American Export Airlines,1
232,American Airlines / Military - USAF,1
233,Avianca,3
234,Kranoyarskie Vozhjushnye Trassy,1
235,Western Airlines,15
236,DDL,1
237,Canadian Pacific Air Lines,11
238,Private - Boeing Aircraft Company,1
239,Military - U.S. Air Force,151
240,AB Aerotransport,4
241,Military - Royal Canadian Air Force,6
242,Military - Indian Air Force,15
243,Military - U.S. Army Air Forces / Military - U.S. Army Air Forces,1
244,DETA,1
245,Varig,17
246,Military - Royal Netherlands East Indies Air Force,1
247,U. S. Air Force,2
248,Military - U.S. Army Air Corps,3
249,CATC,1
250,TACA,11
251,Trans-Canada Air Lines,1
252,Navegacao Aerea Brasileira,1
253,Military - United States Army Air Force,2
254,Page Airways,1
255,Mac Robertson Miller Airlines,1
256,Military - Royal Indian Air Force,2
257,Military - South African Air Force,2
258,Eastern Air Lines / Military - U.S. Army Air Corps,1
259,Lineas Aereas Mineras,1
260,National Airlines,10
261,Faucett,11
262,National Skyway Freight Co.,1
263,Polyarnya Aviatsiya,1
264,Military - Chinese Air Force,5
265,Mililtary - Royal Canadian Air Force,1
266,British Overseas Airways /Qantas,1
267,Railway Air Services Ltd.,1
268,Military - Royal British Navy,2
269,Military U.S. Navy / Military - U.S. Navy,1
270,Viking Air Transport,1
271,DNL Norwegian Air Lines,1
272,Central Air Transport,2
273,ANDESA,1
274,Military -  (2) U.S. Army Air Forces,0
275,Communicaciones Aereos de veracruz,1
276,British European Airways,21
277,Atlantic Central Airlines,1
278,Trans Luxury Airlines,1
279,Queen Charlotte Airlines,2
280,Trans-Luxury Airlines,1
281,British South American Airways,6
282,Mt. McKinley Airfreight,1
283,Railway Air Service Ltd.,1
284,American Overseas Airlines,1
285,Military - Royal Netherlands Naval Air Service,1
286,Air Ocean,1
287,National Air Transport Services,1
288,Socotra,1
289,CTA Languedoc Roussillon,1
290,Empressa Commun. Aéreas de Veracruz,1
291,Lineas Aéreas Costarricenses  LACSA,1
292,Fuerza Aérea Argentina,3
293,Military - U.S. Marine Corps,16
294,Far Eastern Air Transport,6
295,Winged Cargo Inc.,1
296,FAMA (Argentina),0
297,CNAC,2
298,CATA,2
299,Kansas City Southern Skyways,1
300,Nationwide Air Transport,1
301,Military - Mexican Air Force,4
302,AVIANCA,26
303,Spencer Airways / Ceskoslovenske Aerolinie,1
304,Philippine Air Lines,33
305,International Air Freight,1
306,Aerovias Cuba International,1
307,Slick Airways,7
308,Military - Corrieri Aerei Militari,1
309,VIARCO,1
310,Linea Aeropostal Venezolana,15
311,Flugefelag,1
312,Flota Aérea Mercante Argentina,3
313,Burke Air Transport,1
314,Aero Cargo,1
315,Transporturile Aeriene Romano-Sovietice,1
316,Norwegian Airlines,2
317,American International Airways,2
318,Societe Aerienne du Littoral,1
319,Stratofreight,1
320,Philippine Air Express,1
321,Société Auxiliare de Navigation Aérienne,1
322,Trafik-Turist-Transportflyg,1
323,TARS,1
324,Columbia Air Cargo,1
325,JAT Yugoslav Airlines,8
326,Alaska Airlines,12
327,Air Transport,76
328,Air India,13
329,Servicio Aéreo Panini,1
330,Coastal Air Lines,1
331,Transport Comp. Algerienne de T.A.,1
332,Dominicana,2
333,Airline Transport Carriers,1
334,Det Danske Luftfartselskab,1
335,Società Aerea Teseo,1
336,Commercial Airways,2
337,Bruning Aviation,1
338,Military - Brazilian Air Force,10
339,Société de Transports Aériens,1
340,Loftleidir Icelandic Airlines,2
341,Cruzeiro,16
342,Agencia Interamericana de Aviada,2
343,Indian National Airlines,2
344,British European Airways / Military - Soviet Air Force,1
345,New Guinea Air Traders,1
346,Skyways of London,2
347,Mercury Aviation,1
348,Air Transport Charter,2
349,Alpha Airways,1
350,Hargreaves Airways,1
351,Cathy Pacific,1
352,Scandinavian Airlines (SAS),0
353,Aigle Azur,6
354,Aerovias Brasil,2
355,Cathay Pacific Airways,5
356,Rimouski Airlines,1
357,ALFA,2
358,Civil Air Transport,5
359,Onzeair,1
360,New Zealand National Airways,5
361,Avensa,7
362,Aerflot,1
363,Pacific Alaska Air Freight,1
364,Mannin Airways,1
365,Pakistan Airways,1
366,"Avio Linee ItalianeAvio Linee Italiane",1
367,LANSA,5
368,Airborne Transport,1
369,Pan African Air Charter,2
370,Seattle Air Charter,1
371,Coastal Cargo,1
372,Viacao Aerea Gaucha S.A.,1
373,Dalmia Jain Airways,1
374,Saint Lawrence Airways,1
375,British European Airways / Military - British,1
376,TAM (Peru),0
377,Queensland Airlines,2
378,Bristop Aeroplane Company,1
379,Tech - Aeronautical Explotiation,1
380,Strato Freight,1
381,Mac Roberston-Miller Airlines,1
382,Standard Airlines,2
383,Air Transport Associates,1
384,Eastern Air Lines / Military - USN,1
385,Lineas Aéreas Brasil,1
386,Shell Co of Ecuador,1
387,SAETA,4
388,Transocean Air Lines,5
389,Eastern Air Lines / Military - Bolivian Air Force,1
390,Harrington's Inc,1
391,Royal Indian Air Force,3
392,Aero Holland,1
393,REAL,10
394,Arrow Airlines,1
395,Capital Airlines,8
396,Pakair,1
397,Bharat Airways,1
398,Military - Soviet Air Force,12
399,Ejercito del Aire,1
400,Military - Bolivian Air Force,3
401,Societe Transatlantique Aerienne,1
402,Societe Indochinoise de Transport Aeriens,1
403,Fairflight Ltd.,1
404,Devlet Hava Yollairi,1
405,SEMAF,1
406,Deccan Airways,4
407,Lineas Aéreas Nacionales,2
408,Regina Cargo Airlines,2
409,Westair Transport,1
410,New Tribes Mission,2
411,Ansett ANA,4
412,DTA Angola Airlines,2
413,Cie Air Transport,1
414,"SAVG (S.A. Viacao Gaucha, )SAVG",0
415,Trans World Airlines,23
416,Robinson Airlines,1
417,Iran Air,14
418,Svenska Aero,1
419,Air Atlas,2
420,Curtiss-Reid Flying Services Ltd. (Canada),0
421,Garuda Indonesia Airlines,19
422,Indamer,3
423,T.A. Intercontinentaux,2
424,Aerolineas Argentinas,13
425,United Airways,4
426,Air Carriers,2
427,Alitalia,9
428,Military - TAM,2
429,Icelandair,3
430,Military - Portuguese Air Force,2
431,Mid Continent Airlines,1
432,Pacific Overseas Airways,1
433,Southwest Airways,1
434,Siamese Airways,1
435,Cubana de Aviacion / Military -  US Navy,1
436,Hunting Air Travel,2
437,Lineas Aéreas Trans. Brasileira,1
438,Sociedad Aeronautica Medellin,2
439,Loide Aereo Nacional,2
440,Air Outre-Mer,1
441,Loide Aéreo Nacional,4
442,Trans Australia Airlines,3
443,Societe Alpes Provence,1
444,Military - US Air Force,8
445,Frigorifico Cooperativo Los Andes,1
446,Aero Transportes,1
447,Military - Guatemalan Air Force,1
448,Military - U. S. Air Force,1
449,Devlet Hava Yollari,4
450,El Al,3
451,Lineas Aereas Unidas,1
452,Miami Airlines,2
453,Continental Charters,1
454,Kalinga Airlines,7
455,Aer Lingus,2
456,STAAP,1
457,Military - U.S. Air Force / U.S. Air Force,2
458,Maritime Central Airways,3
459,Société Aérienne de Tr. Tropicaux,1
460,US Airlines,1
461,Japan Air Lines,9
462,North Continental Airlines (Robin Airlines),0
463,Fred Olsen Flyveselskap,1
464,Swedish Air Force,1
465,Morton Air Services,1
466,Military - Navy,1
467,Transportes Areos Nacionales,1
468,Airwork,2
469,Military - Pakistan Air Force,6
470,Phoenix Airlines,1
471,Private - de Havilland Aircraft,1
472,SAM Colombia,2
473,Aero Brasil,1
474,Union Aeromaritime de Transport,3
475,TABSO,2
476,Rutas Aéreas Nacionales SA,1
477,Syrian Air,4
478,Flying Tiger Line,11
479,Associated Air Transport,1
480,Lancashire Aircraft Corporation (Skyways),0
481,Air Outremer,1
482,UTA,3
483,Military - Egyptian Air Force,4
484,Orient Airways,4
485,u.s. Air Force,3
486,Transportes Aéreos Salvador,1
487,Central African Airways,3
488,Caribbean International Airways,1
489,Airways,453
490,Meteor Air,1
491,LACSA,2
492,LAN Chile,1
493,Aerovias Contreras,2
494,Transportes Aéreos Mexicanos,2
495,Resort Airlines,1
496,Compagnie Sila,1
497,British Commonwealth Pacific Airlines,1
498,Aviaco,11
499,Indian Airlines,35
500,Aviateca,6
501,Misair,1
502,Syrian Airways,2
503,Ariana Afghan Airlines,9
504,Czech Airlines,2
505,Zantop Air Transport,3
506,Aeronaves de Mexico,4
507,Autrex,2
508,"South African Airways, leased from British Overseas Airways",1
509,Trans Canada Air Lines / RCAF,1
510,LAN,12
511,Societe Indochinoise de Raviteillement,1
512,Darbhanga Aviation,1
513,Transportes Aereos Nacionales,1
514,Soc. de Tr. Aériens d'Extrême Orient,1
515,Air Vietnam (South Vietnam),0
516,TAA,7
517,TAM (Brazil),0
518,Northeast Airlines,5
519,Air Laos,2
520,Ceskoslovenské Aerolinie,2
521,Johnson Flying Service,1
522,Trans World Airlines / Castleton Inc.,1
523,Ontario Hydro,1
524,Interamericana de Aviacion,1
525,West African Airways,1
526,de Havilland Dove,1
527,Aaxico Airlines,3
528,Union des Transportes Aeriens,3
529,East African Airways,2
530,Associated Airways,2
531,Union Aéromaritime de Transport,1
532,Tigres Voladores,2
533,Lineas Areas Unidas,1
534,Military - U.S. Air Force / Military - U.S. Air Force,2
535,Union of Burma Airways,4
536,Currey Air Transport,1
537,Societe France Hydro,1
538,Pacific Western Airlines,4
539,Peninsular,1
540,Riddle Airlines,2
541,Cruzeiro Do Sud,1
542,Quebecair,2
543,Spartan Air Services,1
544,Scottish Airlines,3
545,Transport Aerien Intercontinentaux (France),0
546,Pakistan International Airlines,16
547,Starways,1
548,National Air Operators,1
549,Military - Royal Thai Air Force,5
550,Cordova Airlines,2
551,Piedmont,6
552,United Air Lines / Trans World Airlines,2
553,Jordan International Airlines,1
554,Continental Airlines,10
555,Britavia,1
556,Braathens,2
557,Aerovias Guest,1
558,Empresa Aviacion del Pacifico,1
559,AIDA,1
560,Lineas Aereas del Estado,2
561,Lanica,3
562,Douglas Aircraft,2
563,Japanese Air Force,2
564,Military - Philippine Air Force,8
565,Eagle Aviation,3
566,U.S. Overseas Airways,1
567,Pacific Western,6
568,Adastra Airways,1
569,Kenting Air,1
570,Military - United States Air Force,2
571,Sahsa Airlines,3
572,èkoda (India) Ltd,0
573,Lebanese International Airways,1
574,Transportes Aereos Mexicanos,1
575,Herfurtner Company,1
576,TAROM,2
577,Bristol Aeroplane Co.,1
578,Aquilla Airways,1
579,Straits Air Freight Express,1
580,Northern Wings,1
581,TAM (Bolivia),0
582,Military - U.S.  Air Force / Military - U.S. Navy,1
583,Réseau Aérien Interinsulaire,1
584,Silver City Airways,2
585,Military - U.S. Marine Corps/Military - U.S. Marine Corps,2
586,Military - U.S. Air Force/Military - U.S. Air Force,1
587,Transportes Aereos Orientales,1
588,AREA,2
589,United Air Lines / Military - U.S. Air Force,1
590,Capital Airlines / Military - Air National Guard,1
591,Dan-Air Services,1
592,Paraense Transportes Aéreos,2
593,All Nippon Airways,7
594,Independent Air Travel,1
595,Middle East Airlines,5
596,Military - TAM (Bolivia),0
597,Yemen Airlines,2
598,ARTOP Aerotopografica LDA,1
599,Capitol Airways,2
600,Southeast Airlines,4
601,California Air Freight,1
602,Austral Lineas Aeras (Argentina),0
603,Linea Expresa Bolivar,1
604,Air Jordan,1
605,Air Charter,14
606,Dwyer Flying Service - Private Charter,1
607,Turkish Airlines (THY),0
608,Southern Cross Airways,1
609,Austria-Flugdienst,1
610,Transportes Aereos Peruanos,1
611,Lineas Aéreas Interpolar,1
612,Aerolineas Nacionales,1
613,Militiary - US Air Force,1
614,Tranair,1
615,PAS,1
616,Transair,4
617,Reeve Aleutian Airlines,1
618,T.A. Intercontinentaux (France),0
619,Kappel-Van Eyck Airways,1
620,Pacific Air Lines,13
621,Piedmont Airlines,5
622,Olympic Airways,4
623,Wheeler Airlines,2
624,Allegheny Airlines,7
625,California Aircraft,1
626,Transportes Aéreos de Timor,1
627,REAL / Military - U.S. Navy,1
628,SAMSA,1
629,Lloyd Aereo Colombiano,1
630,Piedmont Airlines / Private,2
631,Sobelair SA (Belgium),0
632,Balair,1
633,Transamerican Air Transport,1
634,Pacific Northern Airlines,1
635,Gulf Aviation (Kalinga Airways),0
636,Military - U.S. Misson,1
637,Ethiopian Airlines,15
638,Flyve Tjenesten,1
639,Military - Royal Belgian Air Force,2
640,Chicago Helicopter Airways,1
641,Deutsche Flugdienst,1
642,Military - French Naval Aviation,3
643,Don Everall Aviation,1
644,World Airways,46
645,Austrian Airlines,1
646,United Arab Airlines,10
647,Itavia,4
648,Arctic Pacific,1
649,Royal Nepal Airlines,8
650,Military - Argentine Air Force,4
651,Finnair,2
652,Air Cameroon,1
653,Continentale Deutsche Luftreederei,1
654,Transcontinental,2
655,Malev Hungarian Airlines,7
656,Cunard Eagle Airways,1
657,Eastern Provincial Airways,2
658,REAL Transportes Aereos,1
659,Lineas Aéreas Costarricenses,2
660,President Airlines,1
661,Transair Sweden,1
662,Derby Aviation,1
663,Air Haiti International,1
664,Bay of Plenty Airways,1
665,Rhodesian Air Services,1
666,Military - Força Aérea Portuguesa,1
667,Military - Belgian Air Force,2
668,Kodiak Airways,2
669,Corporacion Boliviano de Fomento,1
670,Caledonian Airways,1
671,Societa Aerea Mediterranea,1
672,Military - French Air Force,8
673,Military - Colombian Air Force,1
674,AVISPA,1
675,Channel Airways,1
676,Military - Union of Burma Air Force,2
677,East Provincial Airways,1
678,Trans Mediterranean Airways,4
679,Panair do Brazil,1
680,Taxader Airlines,2
681,Military - Japan Maritime Self Defense Force,2
682,Private - Ashland Oil Company,1
683,Aerolineas Abaroa,2
684,United Nations,5
685,Czechoslovak Airlinex,1
686,VASP / Private,1
687,Carvair ATL-98,1
688,Air Nautic,2
689,Wien,4
690,West Coast Airlines,3
691,Skyvan Airways,1
692,Middle East Airlines / Military - Turkish Air ForceC-47,1
693,Trans Aircraft (Western) Ltd.,0
694,Saudi Arabian Royal Flight,1
695,Military - Japan Air Self Defense Force,1
696,Air Afrique,2
697,Military - Chilean Air Force,2
698,Tarom,12
699,Mohawk Airlines,4
700,Air Madagascar,3
701,Air America,9
702,Sadai,1
703,Danish Air Force,1
704,Air Inter,5
705,American Air  Export & Import Co.,1
706,Fujita Koku Kabushki Kai,1
707,Military - U.S. Air Force / Military -  U.S. Air Force,1
708,Aeronaves de Panama,1
709,New York Airways,3
710,British Aircraft Corporation,1
711,Aerolineas Litoral Argentina,1
712,South Central Airlines,1
713,Lloyd Aéreo Boliviano,3
714,Fuji Airlines,1
715,British Eagle International Airlines,2
716,Paradise Airlines,1
717,Snow Valley Ski Lines,1
718,Taxi Aereo de Santander,1
719,Slick Airways - Cargo,1
720,Frontier Airlines,2
721,Commercial Air Taxi,1
722,Private - Facilities Management Co.,1
723,Aden Airways,2
724,Wein Alaska Airlines Inc.,1
725,Military  - US Air Force,1
726,Military - US Air Navy,1
727,Saudi Arabian Airlines,7
728,TASSA,1
729,Servicios Aéreos Cochabamba,1
730,Interocean,1
731,Mustang Aviati,1
732,Bonanza Airlines,1
733,Linjeflyg,1
734,Air Congo (BIAS)?,1
735,Military - Vietnamese Air Force,5
736,Fleming Airways System Transport,1
737,SATCO,2
738,Lineas Aéreas Sud Americana,1
739,Aeroflot / Kazakhstan,1
740,Aerovias del Norte,1
741,Aerolineas El Salvador,1
742,Fairways (Filipinas Orient Airways),0
743,Miami Aviaition/Air Manila,1
744,Alia Royal Jordanian Airlines,4
745,British United Airways,1
746,Mattagami Skyways,1
747,Military - U.S. Army / Military - U.S. Army,2
748,Virgin Islands Airways,1
749,Rutas Internacionales Peruanes,1
750,Filipinas Orient Airways,2
751,TAO,5
752,International Control Commision,1
753,Aerolineas TAO,3
754,Paul Kelly Flying Service Inc.,1
755,Edde Airlines,1
756,Trans World Airlines / Eastern Air Lines,1
757,Spantax,5
758,Air Manila,4
759,Garuda  Indonesia Airlines / Garuda Indonesia Airlines,1
760,Satena,2
761,COHATA,1
762,Belgian International Air Services,1
763,Servicios Americanos,1
764,American Flyers Airline,1
765,Norair,1
766,Air New Zealand,4
767,Aeropesca Colombia,3
768,Alamo Airways,1
769,Private - Mainline Aviation,1
770,Aerovias Halcon,1
771,Alaska Coastal Airlines,1
772,Britannia Airways,2
773,Petroleum Helicopter,6
774,Transportno Aviatsionno Bulgaro-Soviet Obshchestvo,1
775,Aerocondor de Colombia,1
776,Syrian Arab Airlines,1
777,Lake Central Airlines,1
778,Compagnie Air Transport,1
779,Trans World Airlines / Private,2
780,Aeralpi,1
781,Caribbean Airlines,1
782,Air Algerie,6
783,Military - Imperial Iranian Air Force,2
784,Globe Air,1
785,Pelita Air Service,5
786,Greylock Airways / Private,1
787,Nordair,1
788,Air Canada,6
789,Air Ferry Ltd,1
790,British Midland Airways,2
791,Aer Turas,1
792,Thai International,1
793,Vehu Akat,1
794,Taiwan Aviation,1
795,China Airlines (Taiwan),0
796,Sadia,1
797,Lao Cathay Airlines,1
798,Thai Airways,7
799,Air Comores,1
800,Royal Air Lao,3
801,Ozark Air Lines / Private,1
802,Military - Russian Air Force,19
803,Ladeco,1
804,Aerovias Rojas,1
805,Los Angeles Airways,2
806,Rinaldo Piaggio,1
807,Purdue Airlines Inc.,1
808,BKS Air Transport,1
809,Aerolineas Flecha Austral,3
810,North Central Airlines / Private,1
811,Westwing,1
812,Bulair TABSO,1
813,Far Aviation - Air Taxi / Speeds Flying - Air Taxi,1
814,Pan African Airlines,1
815,Aerovias del Valle,1
816,Cable Commuter,1
817,Wien Consolidated Airlines,2
818,Interior Airways,1
819,Exportada De Sal S.A.,1
820,North Central Airlines,4
821,Servicios Aéreos Especiales,1
822,MacRobertson Miller Airlines,1
823,ERA Helicopter,1
824,Mineral County Airlines,1
825,Prinair,3
826,Continental Air Transport,3
827,Venezolana Internacional de Aviacion,1
828,Avion Airways,1
829,Islands of the Bahamas Inc,1
830,Wigmo,1
831,Ghana Airways,1
832,Flying W Airways,1
833,Aero Transporti Italiani,5
834,Compania Mexicana de Aviacion,1
835,Air South,1
836,Trans Isle Air,1
837,Canairelief Air,1
838,Private Charter,4
839,Military - Royal Lao Air Force,1
840,TAME Ecuador,2
841,SATENA,10
842,Allegheny Airlines / Forth Corporation,1
843,Nordchurchaid,1
844,Austin Airways,2
845,Nigeria Airways,5
846,Laos Air,2
847,Military - Royal Hellenic Air Force,1
848,Polynesian Airlines,2
849,Charter -Federal Electricity Commission,1
850,TAG Airlines,1
851,Pilgrim Airlines,2
852,Lineas Aéreas La Urraca,2
853,Compania Dominicana de Aviacion,1
854,Air Congo,2
855,Bavaria Flug,1
856,Paraense Transportes Aereos,1
857,Grand Canyon Airlines,3
858,Royal Air Maroc,3
859,Military - Italian Air Force,2
860,Antillean Airlines,1
861,Somali Airlines,3
862,Executive Jet Sales Inc.,1
863,Aeroservicios,2
864,Lehigh Acres Development Inc.,1
865,Military - LADE,1
866,Reeder Flying Service,1
867,Dan Air Services,4
868,Military - United States Navy,2
869,Lineas Aereas Nacionales SA (Peru),0
870,Dutch Continental Airways,1
871,Trans International Airlines,1
872,"Charter, Golden Eagle Aviation Inc.",1
873,National Airways,16
874,Saturn Airways,2
875,Aerocosta Colombia,1
876,Southern Airways,2
877,Capitol Airlines,1
878,Cargolux,1
879,Jamair,2
880,Trans Caribbean Airways,1
881,Rousseau Aviation,1
882,American Airlines / Private,1
883,Balkan Bulgarian Airlines,10
884,Fuerza Aérea del Peru,6
885,L'Armée de L'Air,1
886,Korean Airlines,10
887,TAM (Transportes Aereos Militares),0
888,New England Aviaiton,1
889,Aviogenex (Yugoslavia),0
890,Aerolineas Flecha Austral - ALFA,1
891,Hughes Airwest  / Military - US Marine Air Corps,1
892,SAVCO,2
893,Shelter Cove Sea Park,1
894,Toa Domestic Airline (Japan),0
895,Air Ivoire,1
896,All Nippon Airways /  Japanese Air Force,1
897,Downeast Airlines,2
898,Pan International,1
899,Scenic Air Lines,1
900,Monmouth Airways,1
901,Merpati Nusantara Airlines,18
902,Sudan Airways,5
903,SAESA,1
904,Lineas Aéreas la Urraca,1
905,Miliitary - SATENA,1
906,Royal Air Laos/PENAS,1
907,TAC Colombia,1
908,Sterling Airways,2
909,Egyptair,2
910,Helaire Helicopter,1
911,Aerotechnia,1
912,Military - Russian Navy,3
913,General Air,3
914,Amazonese Importacao e Exportacao,1
915,Petrolium Helicopter,1
916,North Central Airlines / Air Wisconsin,1
917,Pacific Southwest Airlines,3
918,Military - Royal Norwegian Air Force,1
919,Charter,52
920,AVIANCA / AVIANCA,1
921,Interflug,4
922,Burma Airways,15
923,Lineas Areas Venezolanas,1
924,Ansett Airlines of Papua New Guinea,1
925,Servicios Aereas Virgen de Copacabana,1
926,Military - Royal Nepalese Air Force,2
927,Cambodia Air,3
928,Uruguayan Air Force - TAMU,1
929,Air Melanesie,1
930,Metro Air Systems,1
931,Delta Air Lines/ North Central Airlines,1
932,Air Guadeloupe,2
933,American Express Leasing,1
934,TAN,6
935,Petrolium Helo Inc.,1
936,Aerovias Urraca,1
937,Libya Arab Airlines,2
938,Lineas Aereas de Espana/Spantax SA Transportes,1
939,Invicta International Airlines (UK),0
940,Military - U.S. Navy / NASA,1
941,Bakhtar Afghan Airlines,3
942,Air Gaspé,1
943,Aeromexico,5
944,Ozark Air Lines,2
945,Air Hawaii,1
946,Aviaco Condor,1
947,Aerocondor Colombia,1
948,Texas International Airlines,1
949,Aeronorte,3
950,Executive Funds,1
951,Air East,1
952,Servicios Aéreos Boliviano,1
953,Cessnyca,1
954,Military - West German Air Force,1
955,Pathet Lao Airlines,1
956,Sierra Pacific Airlines,1
957,Wenela Air Services,1
958,Houston Metro Airlines,1
959,Aero Taxis Equatorianos,1
960,Fragtflug,1
961,Lambair,1
962,Alaska Helicopter - Air Taxi,1
963,Aeronorte Colombia,2
964,Air Amercia,1
965,Laurentian Air Services,1
966,Air  Mali,1
967,Military - Zairean Air Force,3
968,Mabuhay Airways,1
969,Alaska International Air,1
970,Hlavka Aviation - Air Taxi,1
971,Orient Air System and Integrated Services,1
972,Alpa Servicios Aéreos,1
973,Martinair Holland NV,2
974,Aerovias Venezolanas SA (Venezuela),0
975,Edwin Ortiz,1
976,Golden West Airlines / Private,1
977,Linea Aérea Nacional,1
978,Horizon Properties,1
979,Military - Deutsche Luftwaffe,1
980,Pacific Alaska Airlines,1
981,Aerocondor,3
982,Hamilton Aviation,1
983,Aerovias Condor,1
984,Military - Nicaraguan Air Force,4
985,Wien Air Alaska,1
986,Connair,1
987,Inex Adria Aviopromet,3
988,Military - Israel  Air Force,1
989,Star Aviation,1
990,Winship Air,1
991,Philippine Aerotransport,2
992,Frigorifico Maniqui,1
993,TAME,8
994,CAAC,8
995,Transbrasil,3
996,LAC Colombia,2
997,Mercer Airlines,1
998,Antilles Air,2
999,Kodiak Western Alaska Airlines,1
1000,Yacimientos Petroliferos Fiscales,1
1001,Sabah Air,2
1002,Military - Burma Air Force,1
1003,Military - Spanish Air Force,3
1004,Temsco Helicopter - Air Taxi,1
1005,Military - Venezuelan Air Force,2
1006,Aeroflot / Aeroflot,3
1007,Inex Adria Aviopromet / British Airways,1
1008,Emirates Air Transport,1
1009,Nordeste Linhas Aéreas,3
1010,Bali International Air Service,2
1011,Inair Panama,1
1012,Atlantic City Airlines,1
1013,EgyptAir,7
1014,Jet Avia Charter,1
1015,Northern Thunderbird Air Ltd.,1
1016,Skyline Sweden,1
1017,North Canada Air,1
1018,Survair,1
1019,Alyemda,3
1020,Overseas National Airways,1
1021,Pan American World Airways / KLM,1
1022,El Venado,1
1023,Military - Israel Air Force,2
1024,IAS Cargo,1
1025,New  York Helicopter,1
1026,Fuerza Aérea Uruguaya,1
1027,Fleming International Airways,1
1028,Military - Angolan Air Force,7
1029,Military - Honduran Air Force,2
1030,Private KNBC Los Angeles,1
1031,Monarch Aviation,1
1032,Island Airways,4
1033,Transmeridian Air Cargo,1
1034,Servicios Aereos Nacionales Airways,1
1035,Alaska Aeronautical Industries,1
1036,Safe Air Cargo,1
1037,L & J Company,1
1038,Servicios Aereos Martinez Leon,1
1039,TAP (Air Portugal),0
1040,Malaysia Airlines,4
1041,"National Jet Services Inc.,  (Air Indiana)",0
1042,SATA,2
1043,Vieques Air Link,2
1044,Valley Air Service,1
1045,Servicios Aereos Nacionales,2
1046,SADELCA,1
1047,TABA,4
1048,Uruguayan Air Force,2
1049,Columbia Pacific Airlines,1
1050,Security Air,1
1051,LAV - Linea Aeropostal Venezolana,1
1052,Lake Havasu Air,1
1053,Air Logistics,2
1054,Gander Aviation,1
1055,Helikopter Service,2
1056,Aeropeca,1
1057,Las Vegas Airlines,2
1058,Air Guinee,1
1059,AirWest Airlines,1
1060,Air Rhodesia,2
1061,Temesco Helicopter - Air Taxi,1
1062,Lineas Areas del Centro,1
1063,Alaska Travel,1
1064,Philippine Air Force,9
1065,Pacific Southwest Airlines / Private,1
1066,Military - Finish Air Force,1
1067,Era Helicopter - Air Taxi,1
1068,Solomon Islands Airlines,2
1069,Nile Delta Air Services,1
1070,Aereo el Venado,2
1071,Tyee Airlines,1
1072,Rocky Mountain Airways,1
1073,Air 70,1
1074,Air Rouergue,1
1075,TAM Lineas Aéreas Regional,3
1076,Universal Airways,1
1077,Swift Aire Lines Inc.,1
1078,Catalina Airlines,1
1079,Sea Airmotive,1
1080,Military - Mauritanian Air Force,2
1081,Air New England,1
1082,Fiji Air Services,1
1083,Soldotna Air Services,1
1084,Butler Aviation Inc.,1
1085,Pacific Coastal Airlines,4
1086,West Coast Air,4
1087,Comair,4
1088,Aerolineas La Gaviola,1
1089,CAMBA,1
1090,Douglas Airways,2
1091,Haïti Air Inter,1
1092,Private charter,2
1093,Ambler Air Service,1
1094,Cubana de Aviacon,2
1095,Rotor Airs Inc - Air Taxi,1
1096,Advance Airlines,1
1097,Eagle Commuter,1
1098,VOTEC,4
1099,Lineas Aereas de Angola,1
1100,Air Wisconsin,2
1101,Aeronaves del Peru,1
1102,Bouraq Indonesia Airlines,2
1103,Military - Kuwait Air Force,1
1104,Florida Commuter Airlines,1
1105,Military - Force Aérienne Zaïroise,1
1106,Military - Royal Saudi Air Force,2
1107,F.R. de la Direccion General de Ados,1
1108,Central Air Services,1
1109,Tanzania Aviation,1
1110,Transportes Aereos del Caribe,1
1111,Cascade Airways,1
1112,Military - Soviet Navy,1
1113,Private - Corporate,1
1114,Helicopter - Air Taxi,5
1115,Urcupina,1
1116,Freedom International,1
1117,Air US / Private,1
1118,Private - Airfast Indonesia,1
1119,TAAG Angola Airlines,5
1120,Lineas Aereas,14
1121,TAR,4
1122,Transamazonica,1
1123,Aeroflot / Military - Russian Air Force,1
1124,Aeroflot /Military - Russian,1
1125,Military - Turkish Air Force,3
1126,Military - Iranian Air Force,6
1127,Sky Train Air,1
1128,NLM (Nederlandse Luchtvaart Maatschappij),0
1129,Oefag Flugdienst,1
1130,Aerolineas Argo,1
1131,Cameroon Airlines,4
1132,Guyana Airways,3
1133,Inex Adria Aviopromet (Yugoslavia),0
1134,Private - Parajump air show,1
1135,Bristow Helicopters,3
1136,ACES Colombia,3
1137,Air Florida,1
1138,Military - Ethiopian Air Force,4
1139,Military - Republic of South Korea Air Force,2
1140,Trans Air Services,1
1141,LAC Columbia,1
1142,Wideroe's Flyveselksap,4
1143,Air Taxi - Tundra Copters,1
1144,Okanagan Helicopters,1
1145,Air Affaires Gabon,1
1146,Western Helicopter,1
1147,Aerolineas Condor,1
1148,Cia Brasiliera de Tratores,1
1149,Aerolineas Centrales de Colombia,2
1150,Pioneer Airlines,1
1151,Aeronor Chile,1
1152,46826/109,1
1153,Aeroleo Taxi Aereo,1
1154,Central Airlines,12
1155,Munz Northern Airlines,1
1156,Air Liberia,1
1157,Japan Air Self-Defence Force,1
1158,SAN Ecuador,1
1159,Military - Republic of China Air Force,3
1160,Reeve Aleutian Airways,1
1161,Air Mali,2
1162,CAAK,1
1163,British Airways Helicopters,1
1164,Central Mountain Air Services,3
1165,Gulf Air,2
1166,Taiwan Airlines,3
1167,Air Illinois,1
1168,Pennsylvania Airlines,1
1169,Iberia Airlines / Aviaco,1
1170,TAMPA Colombia,1
1171,Inuvik Coastal Airways,1
1172,Military - Royal Jordanian Air Force,2
1173,Skycraft Air Transport,1
1174,North East Bolivian Airways,1
1175,Britt Airways,1
1176,Military - Salvadoran Air Force,1
1177,Aerosucre Colombia,5
1178,Frigorifico Reyes,1
1179,State Airlines,1
1180,VOTEC / VOTEC,1
1181,Zantop International Airlines,1
1182,Air Continental,1
1183,Air Taxi - Raco Helicopters Corp.,1
1184,South Pacific Island Airways,1
1185,Bangladesh Biman,1
1186,Aviation Enterprises,1
1187,Airfast Indonesia,2
1188,Wings West Airlines / Private,1
1189,Talair,4
1190,Provincetown - Boston Airlines,2
1191,MMM Aero Services,1
1192,APRL,1
1193,AECA Cargo,1
1194,Nahanni Air Services,1
1195,Labradore Airways,1
1196,Mililtary - Soviet Air Force,1
1197,Village Airways,1
1198,Military - Fuerza Aérea del Peru,1
1199,TPI International Airways,1
1200,Air Taxi - EMS,1
1201,Galaxy Airlines,1
1202,AIRES Colombia,3
1203,North Pacific Airlines,1
1204,YPF,2
1205,Carga Aereo Transportada,1
1206,Aeronica,3
1207,Aeroflot / Soviet Air Force,1
1208,General Aviation Inc.,1
1209,Fuerza Aérea Colombiana,2
1210,Alyemda Airlines,1
1211,British Airtours,1
1212,Bar Harbor Airlines,1
1213,Midwest Express,1
1214,MAP,3
1215,Air Carriers Express Services Inc,1
1216,Pel Air,1
1217,Sabeni,1
1218,Mountain Air Cargo,1
1219,Military - Indonesian Air Force,7
1220,Arrow Airways,1
1221,Aerovias de Guatemala SA,1
1222,Air Taxi,47
1223,Aerocalifornia,1
1224,GLM Aviation,1
1225,Simmons Airlines,1
1226,Goose Bay Air Services,1
1227,Ministerstvo Obshchestvo Mashinostroyeniya,1
1228,Military - Mozambique Air Force,2
1229,Military - El Salvador Air Force,1
1230,Air Lanka,1
1231,Military - Armée de l'Air Malgache,1
1232,Loganair,4
1233,Grand Canyon Airlines / Helitech,1
1234,Military - Zimbabwe Air Force,1
1235,Leeward Islands Air Transport,1
1236,Southwest Airlift,1
1237,Aeromexico / Private,1
1238,Atlantic Southeast Airlines,3
1239,Eastindo,1
1240,Southern Air Transport,1
1241,Government of Mozambique,1
1242,Private - WNBC,1
1243,British International Helicopters,1
1244,Military - Afghan Republican Air Force,15
1245,Iraqi Airways,1
1246,Sunflower Airlines,1
1247,Military - Spanish Air Force.,1
1248,Skywest Airlines / Private.,1
1249,Northwest Airlink,3
1250,California Air National Guard,1
1251,Burlington Air Express,1
1252,Air-Lift Commuter,1
1253,Sasco Air Lines,1
1254,American Eagle,5
1255,Air Manitoba,2
1256,YPFB Transportes Aereos,1
1257,Missionary Aviation Fellowship,3
1258,Military - Peruvian Air Force,4
1259,Belize Air International Ltd.,1
1260,Northwest Airlines,5
1261,Aeroejecutivos Colombia,1
1262,Air Malawi,1
1263,Ryan Air Services,1
1264,Cooper Skybird Air Charters,1
1265,Peruvian Naval Aviation,1
1266,Air Littoral,3
1267,Air Taxi - Petroleum Helicopters Inc.,1
1268,Merpati Nasantara Airlines,2
1269,Condor Flugdienst,1
1270,ETA - Empresa Transportes Aéreos,1
1271,China Southwest Airlines,2
1272,Trans Colorado AL / Continental Express,1
1273,Military - Fuerza Aérea Panamena,1
1274,NFD - Nurnberger Flugdienst,1
1275,AV Air / American Eagle,1
1276,Talia Airways,1
1277,Commercial Airways (Comair),0
1278,Transport Arien Transregional,1
1279,Arax Airlines,1
1280,Kuwait Airways,1
1281,Military - Cuban Air Force,1
1282,Aloha Airlines,1
1283,Starair,1
1284,Lineas Aéreas Suramericanas,1
1285,Angola Air Charter,1
1286,Aerocaribe,3
1287,Transporte Aereo Federal,1
1288,Hang Khong (Vietnam),0
1289,Aramar,1
1290,Shanxi Airlines,1
1291,Uganda Airlines,1
1292,Vayudoot,2
1293,Aero Peru,1
1294,Wasa Wings,1
1295,Aero Club Libya,1
1296,T & G Aviation,1
1297,Military - Russian Air Force / Military - Russian Air Force,1
1298,GAS Air,1
1299,RAM,1
1300,Independent Air Inc.,1
1301,Transfair,1
1302,Aero Condor,1
1303,Air Ontario,1
1304,Mid Pacific Air,1
1305,Evergreen International Airlines,1
1306,Europe Aero Service EAS,1
1307,Aero Cozumel,1
1308,Holmstoem Air,1
1309,Aero Asahi,1
1310,Surinam Airways,1
1311,Aerotaca,3
1312,Formosa Airlines,5
1313,Calair,1
1314,Air Taxi - Centre Airlines Inc.,1
1315,Air Freight New Zealand,2
1316,Olympic Aviation,1
1317,RRC Air Service,1
1318,Aspring Air,1
1319,China Eastern Airlines,4
1320,Partnair,1
1321,Wehite Cap Aviation,1
1322,Boeing KC-135E,1
1323,USAir,5
1324,Skylink Airlines,1
1325,Winchester Air,1
1326,Air Taxi - Paramount Aviation Corp.,1
1327,TAUSA,1
1328,Aloha Island Air,1
1329,Weasua Air Ttansport,1
1330,Military - Royal Lesotho Defence Force,1
1331,Military - People's Army/ Military - Peoples Air Force,1
1332,Tepper Aviation,1
1333,Lineas Aéreas Cave,1
1334,New England Airlines,1
1335,United Express,3
1336,Air Fiordland,1
1337,SANSA,1
1338,Federal Express,2
1339,Military - Venezuelan Navy,2
1340,Airfast Services,2
1341,MIAT - Mongolian Airlines,5
1342,Military - Congolese Air Force,2
1343,Airborne Express,2
1344,Wiggins Airways,2
1345,Helicopteros Nacionales de Colombia,1
1346,Military - Zambian Air Force,2
1347,Helicsa,1
1348,TAN Honduras,1
1349,Aeroperlas,2
1350,MATS - Manila Aero Transport System,1
1351,Frontier Air,3
1352,Aerial Transit Company,1
1353,Avicsa,1
1354,Military - Luftwaffe,2
1355,Aerolift Philippines,1
1356,Ptarmigan Airways,1
1357,Servicio Expresso Nacional,1
1358,Private - Omniflight Helicopters,1
1359,Frontier Flying Service,1
1360,Nuna Air,1
1361,SUDENE,1
1362,HiTech Helicopters,1
1363,China Southern Airlines / Xiamen Airlines,1
1364,BAFIN,1
1365,Bangkok Airways,1
1366,Eitos,1
1367,Northwest Airlines/ Northwest Airlines,1
1368,Sudania Air Cargo,1
1369,Lockheed AC-130H Hercules,1
1370,USAir / Skywest Airlines,1
1371,Military - Hellenic Air Force,1
1372,Military - Ecuadorean Air Force,1
1373,Ryan International Airlines,1
1374,Fuerza Area Angolaise,1
1375,Duncan Aircraft Sales,1
1376,Transafrik,3
1377,Military - U.S. Navy / Military -  U.S. Navy,1
1378,Air Tahiti,1
1379,Air Taxi - Air Grand Canyon Inc.,1
1380,ADES Colombia,2
1381,Metro Cargo,1
1382,Lauda Air,1
1383,Agape Flight Inc.,1
1384,Carib Air Transport,1
1385,AKF Polet,1
1386,Okada Air,1
1387,Helicol Colombia,1
1388,Aerochasqui,1
1389,L'Express Airlines,1
1390,Nationair (chartered by Nigeria Airways),0
1391,Vanair,2
1392,Avalki Air,1
1393,Temsco Airlines,1
1394,Air Taxi - Bohemia Inc.,1
1395,Dirgantara Air Services,4
1396,Airtech Rajawaldi Udara,1
1397,Continental Express,2
1398,Canair Cargo,1
1399,CORAL Colombia,2
1400,EDELCA,1
1401,Corporate Mobility Inc. - Private,1
1402,Military - Azerbaijan Air Force,2
1403,Nordeste Linhas Aereas,1
1404,Air Taxi - Airis Helicopters Inc.,1
1405,STASA,1
1406,Tartarstan Airlines,1
1407,Military - Força Aérea Brasileira,1
1408,Classic Wings,1
1409,Gambcrest,1
1410,ATI,7
1411,Frigorifico Santa Rita,1
1412,Lina Congo,1
1413,Golden Star Air Cargo,1
1414,Kamchatavia,1
1415,Air Bissau,1
1416,Military - Kenyan Air Force,1
1417,Perris Valley Aviation,1
1418,Scenic Air Tours,1
1419,Saha Airline Services,2
1420,COPA (Panama),0
1421,Krasnoyarsk Airlines,1
1422,Military - Sri Lanka Air Force,7
1423,Arctic Circle Air Service,1
1424,Military - Unified Yemen Air Force,1
1425,Georgian Air,3
1426,Volga-Dnepr Airlines,1
1427,Mandala Airlines,2
1428,Aero Eslava,1
1429,China General Aviation Corporation,1
1430,Servicios Aereos Santa Ana,1
1431,Lone Star Airlines,1
1432,Military - Peruvian Air Force - TANS,1
1433,NewCal Aviation,1
1434,Professional Aviation Services,1
1435,Expresso Aéreo,2
1436,Kamchatka Airlines,2
1437,Air Taxi - Hawaii Helicopters Inc.,1
1438,Aero Ejecutivos,1
1439,Avesca Colombia,1
1440,Yakutavia,2
1441,Military - Federal Nigerian Air Force,1
1442,Miltiary - U.S. Airforce,1
1443,Wuhan Airlines,2
1444,Kiev Production Association,1
1445,Syktyvkar Avia,1
1446,Vietnam Airlines,2
1447,Aerocaribbean - Charter,1
1448,China Southern Airlines,3
1449,Aero Sudpacifico,1
1450,Scibe Airlift Cargo Zaire,1
1451,Libya Arab Airlines / Military -  Libya Air Force,1
1452,Air Taxi - South Coast Helicopters Inc.,1
1453,Lufthansa Cityline,1
1454,Titan Airways,1
1455,Trans Service Airlift,2
1456,Pan Malaysian Air Transport,1
1457,Iran Air Tours  /  Military - Iranian Air Force,1
1458,Cargo Three Panama,1
1459,Palair Macedonian,1
1460,Oeste Linhas Aereas,1
1461,Fiji Air,2
1462,Carga del Caribe,1
1463,Southwest Air,12
1464,Tajikistan Airlines,3
1465,Military - Georgian Air Force,2
1466,China Northwest Airlines,2
1467,Asiana Airlines,3
1468,Hornbill Airways,1
1469,Everest Air,1
1470,Sakha Airlines,2
1471,Transair Georgia Airlines,2
1472,Hibiscus Air,1
1473,China Northern Airlines,2
1474,Magistralnye Avialinii,1
1475,Aviaimpex (Macedonia),0
1476,Express Airlines - Northwest Airlink,1
1477,Arctic Wings & Rotors,1
1478,Air Senegal / Gambia Airways,1
1479,Lao Aviation,2
1480,Kuban Airlines,1
1481,Baikal Air,1
1482,Atlantic Coast Airlines (United Express),0
1483,North Western Air Transport,1
1484,British World Airways,1
1485,Sahara,1
1486,Chalk's International Airlines,1
1487,Salair,2
1488,Aurukun Air Services,1
1489,Aeroflot Russian International Airways,1
1490,Air Taxi - El Aero Services Inc.,1
1491,KLM Cityhopper,1
1492,Rwanda Government,1
1493,Military - U.S. Army / Military U.S. Army,1
1494,Rico Taxi Aero,1
1495,Arall,1
1496,Transoriente Colombia,1
1497,Aerolineas Cuahonte,1
1498,TAESA,2
1499,Air Ivorie,1
1500,Military - Dostum-Galboddin Militia,1
1501,Airbus Industrie,1
1502,Air Mauritanie,1
1503,Air Taxi - Papillion Helicopters Ltd.,1
1504,Air Martinique,1
1505,Sankuru Air Service,1
1506,Alas Chiricanas,1
1507,Air Taxi - Uyak Air Services Inc.,1
1508,Air Taxi - Talon Air Services Inc.,1
1509,Air Taxi - National Helicopters,1
1510,Aerocontroctors - Charter,1
1511,Oriental Airlines,1
1512,Heavylift Cargo Airlines,1
1513,Cheremshanka Airlines,1
1514,TAM Paraguay,1
1515,Arsenyev Aviation Production Association,1
1516,SELVA,4
1517,Iran Asseman Airlines,1
1518,Transportes Aereos Pegaso,1
1519,Trigana Air Service,5
1520,SA Amazonica,1
1521,Ameriflight,2
1522,SL Aviation Services,1
1523,Servivensa,2
1524,Phoenix Aviation,1
1525,Intercontinental de Aviacion,1
1526,Air Taxi - Wolfe Air Aviation Ltd.,1
1527,Abakan Airlines,1
1528,Leadair - Charter,1
1529,TAROM (Transporturile Aeriene Romane),0
1530,Bearskin Airlines / Air Sandy,1
1531,American Jet,1
1532,Knight Air,1
1533,LACOL,1
1534,Senegalair,2
1535,Ansett New Zealand,1
1536,Volga Air,1
1537,Harka Air Services,1
1538,Garamut Aviation,1
1539,Milne Bay Air,3
1540,Military - Madagascar Air Force,1
1541,Transniugini Airways,1
1542,Aero Air,1
1543,Bourag Indonesia Airlines,1
1544,North Star Air Cargo,1
1545,Adventure Airlines,1
1546,Norilsk Flight Company,1
1547,Western Straits Air,1
1548,Sabang Merauke Raya Air Charter,2
1549,Kirghizia Aba Zaoldoru,1
1550,Azerbaijan Airlines,3
1551,Azerbaijani Airlines,1
1552,Far East Aviation,1
1553,Romanian Banat Air,1
1554,Mustique Airways,1
1555,African Air,19
1556,Military - Nigerian Air Force,3
1557,Lineas Aereas del Caribe,1
1558,Business Air Connection,1
1559,"Alas Nacionales, leased from Birgen Air",1
1560,Military - Taliban Militia,1
1561,Hati Express,1
1562,Military - Sudanese Air Force,2
1563,Aero Tropical,1
1564,Compania de Aviacion Faucett SA (Peru),0
1565,Military - Peruvian Army Aviation,1
1566,Akhal Air,1
1567,Krasnoyarskie Avialinii,1
1568,Federal Airlines,1
1569,Buffalo Narrows Airways,1
1570,Aeroservicios Empresariales de Durango,1
1571,ValuJet,1
1572,Hoseba,1
1573,Military - Australian Army Aviation,1
1574,China Flying Dragon Aviation (Feilong Airlines),0
1575,Archana Airlines,1
1576,Aerolatino (Aerocaribe),0
1577,Northern Air Cargo,1
1578,Myanmar Airways,4
1579,First Air,2
1580,Air North,1
1581,Harbour Air,2
1582,Spair Air Transport,1
1583,Vnokovo Airlines,1
1584,Dutch Dakota Association,1
1585,Aeroperu,1
1586,Malu Aviation,2
1587,Savanair,2
1588,Million Air,1
1589,Tyumen Aviatrans,1
1590,Transported Areos Profesionales - TAPSA,1
1591,Aviation Development Corporation,1
1592,Jetcom S.A.,1
1593,Saudi Arabian Airlines / Kazakhstan Airlines,1
1594,Komi Avia,1
1595,United Express  / Private,1
1596,Emery Worldwide,2
1597,Aircraft Charter Group Inc,1
1598,Southcentral Air,1
1599,Skypower Express Airways,2
1600,Air Senegal,2
1601,Force Area Populaire de Angola,1
1602,Military - Israel Air Force /Military -  Israel Air Force,1
1603,Transpolar,1
1604,ALADA,1
1605,Stavropol Airlines,1
1606,Custom Air Service,1
1607,Hageland Aviation Services,3
1608,Military - Niger Air Force,1
1609,Bazair,1
1610,Elbee Airlines,1
1611,Military - Colombian Army,1
1612,Sempati Air,1
1613,Goroka Air Services,1
1614,ADC Airlines,2
1615,Fine Air,1
1616,Borneo Airways,1
1617,TMK Air Commuter,1
1618,Military - Luftwaffe / Military - USAF,1
1619,Scenic Airlines,1
1620,Sowind Air,1
1621,STAP,1
1622,Aerosweet Airlines (LVOV),0
1623,SilkAir,1
1624,Military - Greek Air Force,1
1625,Renan Airways,1
1626,Parsa,1
1627,Aeroservice International,1
1628,Military - Ariana Afghan Airlines,1
1629,Cebu Pacific Air,1
1630,Air Luxor,1
1631,Military - Sudan Air Force,3
1632,Air Memphis,1
1633,Linea Aérea Mexicana de Carga,1
1634,Military - Lao People's Liberation Army Air Force,1
1635,Air Taxi - US Helicopters Inc.,1
1636,Propair,1
1637,Air Taxi - Ohana Helicopter Tours,1
1638,ATI Aircompany,1
1639,Alas del Sur,1
1640,Ukraine Aviation Transport Company,1
1641,Plane Sailing,1
1642,Swifair,1
1643,Selva Taxi Aero,1
1644,Proteus Air / Private,1
1645,Alliance Airlines,2
1646,Harbour Air Seaplanes Ltd.,1
1647,Alada,1
1648,Vincent Aviation,1
1649,Lumbini Airways,1
1650,Speed Service Couriers,1
1651,Permaviatrans,1
1652,Rusts Flying Service Inc.,1
1653,Paukn Air,1
1654,Cabo Verde Airlines,2
1655,Lionair,1
1656,Congo Airline,1
1657,Ararat Avia,1
1658,TanaMana Aviation,1
1659,Living Water Teaching Ministries Charter,1
1660,Air Satellite,1
1661,Khors Aircompany,1
1662,Zanex,1
1663,Transafrik - United Nations Charter,1
1664,Channel Express,1
1665,Military - German Air National Guard,1
1666,Kelowna Flightcraft Air Charter,1
1667,Uzu Air,1
1668,Fuerza Aérea Nicaragua,1
1669,Savannair,1
1670,Airlink,7
1671,Air Karibu,1
1672,Minerva Airlines,1
1673,ALIANSA Colombia,1
1674,Provincial Airlines,1
1675,Manacá Táxi Aéreo,1
1676,Korean Air,12
1677,Military - Malaysian Air Force,1
1678,Malindi Air Services,1
1679,Pacific Airways,6
1680,Air Taxi - Coastal Helicopters Inc.,1
1681,Blue Water Aviation Services,1
1682,LANC Colombia,1
1683,Lufthansa Cargo Airlines,1
1684,Aero Jet Express,1
1685,Air Fiji,1
1686,TACV-Cabo Verde Airlines,1
1687,Uni Air,1
1688,Uzbekistan Airways,3
1689,"LAPA, Lineas Aereas Privadas Argentinas",1
1690,Necon Air,1
1691,Greek Government,1
1692,Norte Jet Táxi Aéreo,1
1693,Aramco Associated Company,1
1694,Military - Venezuelan Army,2
1695,Si Fly - U.N. charter,1
1696,Tashkent Aircraft Production Corporation,1
1697,Asian Spirit,1
1698,Skyline Airways,2
1699,Ecuato Guineana de Aviacion,1
1700,Crossair,2
1701,Avisto,1
1702,Kenya Airways,2
1703,Military - Islamic Republic of Iran Air Force,3
1704,Southwest Airlines,8
1705,Vologodskiye Airlines,1
1706,Points North Air Services,1
1707,Military - Ejército del Aire,1
1708,Sky Cabs,1
1709,Uralex,1
1710,Military - Sri Lankan Air Force,1
1711,Bankair,1
1712,Air Philippines,1
1713,Military - Centrafricain Airlines,1
1714,North Coast Aviation,1
1715,Northern Executive Aviation,1
1716,Trans Guyana Airways,2
1717,Price Aircraft Company,1
1718,Avirex,1
1719,Executive Airlines,1
1720,Whyalla Airlines,1
1721,Ghana Airlink,1
1722,Universal Jet Aviation,2
1723,Military - Japanese Air Self-Defence Force,1
1724,Win Win Aviation,1
1725,Indian Airlines/Alliance Airlines,1
1726,Airwave Transport,1
1727,Allied Air Freight,1
1728,Blue Hawaiian Helicopters,1
1729,Air taxi - Lider Air Taxi,1
1730,Military - Fuerza Aérea de Chile,1
1731,Patuxent Airways / Private,1
1732,Staer Air,1
1733,Military - Fuerza Aérea Colombiana,1
1734,Charter - Central Air,1
1735,Summit Air Charters,1
1736,Bombardier Aerospace,1
1737,Singapore Airlines,1
1738,Aca-Ancargo,1
1739,Superior Aviation,1
1740,Asa Pesada,1
1741,Servicio Aereo Manchupo,1
1742,Military - People's Liberation Army,1
1743,Military - Tentara Nasional Indonesia Navy,1
1744,Majestic Air Cargo,1
1745,Rutaca Airlines,1
1746,North Bay Charter,1
1747,Lineas Aereas Suramericanas,1
1748,E.A.S. Aeroservizi,1
1749,Northern Illinois Flight Center,1
1750,Gum Air Charter,1
1751,Military - Florida Army National Guard,1
1752,Vnukovo Airlines,1
1753,Air Caraibes,1
1754,Jetwingsco Inc. - Private Charter,1
1755,SFC Vietnam - Charter - Full Account,1
1756,Private - Techint  group,1
1757,Faraz Qeshm Airlines,1
1758,Manunggal Air,1
1759,Vladivostokavia,1
1760,Private  - Daewoo Shipbuilding,1
1761,Private - Overtec Company,1
1762,Russ Air Transport Company,1
1763,Naske Air,1
1764,Papillon Grand Canyon Helicopters of Las Vegas,1
1765,Victoria Airlines,1
1766,Ameristar Jet Charter,2
1767,Air Transat,1
1768,Binter Mediterráneo,1
1769,Aero Ferinco Charter,1
1770,Atlantic Airlines,1
1771,Sibir Airlines,2
1772,Air Saint Maurice Inc.,1
1773,Scandinavian Airlines (SAS) / Private,0
1774,Flightline,1
1775,PenAir,1
1776,Perimeter Airlines,1
1777,ERA Aviation - Air Taxi,1
1778,Charter - IRS Aero,1
1779,ELK Aviation Co. (leased from Eminex),0
1780,MK Airlines,2
1781,"Military - Russian, cargo",1
1782,Eagle Air,2
1783,Heliandes,1
1784,BAL Bremerhaven Airline,1
1785,Agco Corp,1
1786,Ibertrans Aérea,1
1787,Procuraduría General de la República,1
1788,Petroproducción,1
1789,Military - Angolan  Air Force,1
1790,Iran Air Tours,3
1791,Tiramavia,1
1792,Svedijos Prekés,1
1793,Charter - Aerotaxi,1
1794,Djibouti Airlines,2
1795,Tadair,1
1796,Air China,1
1797,SELVA Colombia,1
1798,EAS Airlines (Executive Airline Services),0
1799,Sky Executive Air Services,1
1800,Airquarius Aviation - Charter,1
1801,Military - Angolan Armed Forces,1
1802,Bashkirian Airlines / DHL Worldwide Express,1
1803,Prestige Airlines (Cargo) Charter,0
1804,Military - Ukraine Air Force,3
1805,Pulkovo Aviation Enterprise,1
1806,Shangri La Air,1
1807,Vostok Aviakompania,1
1808,Rico Taxi Aéreo,1
1809,Total  Air Lines,1
1810,Deraps Aviation,1
1811,Military - Indian Navy,1
1812,Luxair,1
1813,Richmor Aviation,1
1814,Laoag International Airlines,1
1815,Island Airways Ltd.,1
1816,Planemasters,1
1817,Transasia Airways,1
1818,Aeromist-Kharkiv,1
1819,Ocean Airlines,1
1820,US Air Express/Air Midwest,1
1821,TANS Airlines,1
1822,Aerocom,1
1823,African Commuter Services,1
1824,Euro Asia Aviation,1
1825,Volare Aviation Enterprise,1
1826,Enimex,1
1827,Air Taxi - Great Northern Aircraft Co.,1
1828,Military - Islamic Revolution's Guards Corps,1
1829,Private - Kabanov - skydiving,1
1830,PT Air Regional,1
1831,Morris Hancock Flying Club - Charter,1
1832,Ukrainian Cargo Airlines -  Congolese Army Charter,1
1833,Ukranian-Mediterranean Airlines,1
1834,McKinley Air Service - Air Taxi,1
1835,Eurojet Italila,1
1836,Air Taxi - Marco Zero Air Taxi,1
1837,Charter - Air Adventures New Zealand Ltd,1
1838,Astro Air Taxi,1
1839,Paradise Tour Helicopters,1
1840,Brit Air,1
1841,Hallo Bay Air - Air Taxi,1
1842,Comvac Aviation,1
1843,Military - Algerian Air Force,3
1844,Heringer Air Taxi,1
1845,BHS - Brazilian Helicopter Services,1
1846,Ruiban & Duran Compania Aérea,1
1847,Air Sunshine,1
1848,Ryan Blake Air Charter,1
1849,Jack Harter Helicopters,1
1850,Jet Pro,1
1851,Servicios Aeronauticos Sucre (SASCA),0
1852,Hageland Aviation Services Inc.,1
1853,Khalatyrka,1
1854,Tropical Airways,1
1855,US Airways Express,1
1856,Wasaya Airways,1
1857,Sundance Helicopters,2
1858,Les Ailes de Gaspé Inc.,1
1859,Air taxi - Rumo Notre Air Taxi,1
1860,Transmandu,1
1861,CATA Linea Aerea,1
1862,Aeroextra,1
1863,FedEx,3
1864,Heliwork WA Pty Ltd. - Air Taxi,1
1865,Huron Air,1
1866,Líneas Aéreas Suramericanas,1
1867,Pavair,1
1868,Union des Transports Aeriens de Guinee,1
1869,Flash Air,1
1870,Military - Government of Macedonia,1
1871,Kish Airlines,1
1872,Azov Avia Airlines,1
1873,Air Ambulance - Med-Trans Corp.,1
1874,Procuradoria General de la Republica,1
1875,Aerotransportes Petroleros,1
1876,Charter - Air Cush,1
1877,El Magal Aviation,1
1878,Rico Linhas Aereas,1
1879,AZAL Cargo Company,1
1880,Aray-Avia,1
1881,Blue Bird Aviation,1
1882,Yeti Airlines,3
1883,Gabon Express,1
1884,United Nations -  UTair Charter,1
1885,Dodita Air Cargo,1
1886,BHS - Brazilian Helicopter Service  Air Taxi,1
1887,Airlines of PNG,1
1888,Air Taroma,1
1889,Volga-Avia Express,1
1890,Mavrik Aire Transport,1
1891,Jett Paqueteria SA,2
1892,Military - Greek Army,1
1893,Air Flamence,1
1894,Sarit Airlines,1
1895,Pinnacle Airlines/Northwest Airlink,1
1896,Aerovanguardia,1
1897,Pacific Air,32
1898,Corporate Airlines (American Connection),0
1899,Med Flight Air Ambulance - Private,1
1900,Private - Hendrick Motorsports Inc.,1
1901,Venezolana,19
1902,Business Jet Services,1
1903,Presidental Airways Inc. - Air Taxi,1
1904,Glow Air/Air Castle - Charter,1
1905,Lion Air,4
1906,Guardia Nacional de Venezuela,1
1907,Airline Transport,2
1908,NHR Táxi-Aéreo,1
1909,Tura Air Enterprise,1
1910,Military - Colombian government,1
1911,AirNow,2
1912,Military - U.S. Marines,1
1913,Farnair Hungary,1
1914,Kam Air,1
1915,Air West,1
1916,Circuit City Stores - Charter,1
1917,Indonesian National Police,1
1918,Air Global,1
1919,Regional Airlines,1
1920,West Caribbean Airways,2
1921,GT Air,1
1922,Military - Bulgarian,1
1923,Military - Fuerza Del Peru,1
1924,Airwork NZ,1
1925,Kisangani Airlift,1
1926,Aero-Tropics,1
1927,Transportes Aereos Don Carlos - Charter,1
1928,Military - Zambia Air Force,1
1929,Charter - Maniema Union (owner Victoria Air),0
1930,Marsland Aviation,1
1931,Ecuatair,1
1932,Tuninter,1
1933,Copterline,1
1934,Helios Airways,1
1935,TANS Peru,1
1936,Kavatshi Airlines,1
1937,Air Kasai,1
1938,Wimbi Dira Airways,1
1939,Bellview Airlines,1
1940,Sosoliso Airlines,1
1941,Chalk's Ocean Airways,1
1942,Evolga,1
1943,Military - US Army,2
1944,Service Air,5
1945,Military - Iranian Revolutionary Guard Corps Air Force,2
1946,Military - Slovak Air Force,1
1947,Air Cargo Carriers,2
1948,TriCoastal Air,1
1949,Team Air,1
1950,Military - Kenya Air Force,1
1951,Military - Lybian Arab Air Force,1
1952,U.S. Government (leased),0
1953,Armavia,1
1954,Saskatchewan Government Northern Air Operations,1
1955,Air São Tomé,1
1956,Military - Chadian Air Force,1
1957,Mango Airlines,1
1958,Sibir (S7),0
1959,Afghan Army,2
1960,Tracep,2
1961,Pulkovo Airlines,1
1962,Military - Russian Army,1
1963,Gol Airlines / Private,1
1964,Atlantic Airways,1
1965,Military - Russian Air Force/Uzbekistan Airways,1
1966,Air ambulance - Mercy Air Services,1
1967,Adam Air,1
1968,Moldovan Aeriantur-M Air Cargo,1
1969,Regional Compagnie Aerienne Europeenne,1
1970,Heli-USA Airways,1
1971,Inter-Island,1
1972,"Bahia Taxi Aéreo	Bahia Taxi Aéreo	Bahia Taxi Aéreo",1
1973,UTAir Airlines,1
1974,Transaviaexport Airlines,1
1975,Air Services,41
1976,Military - Russian,26
1977,Safe Air Complany,1
1978,Paramount Airlilnes,1
1979,University of Michigan Health System,1
1980,Mongolian Defense Ministry,1
1981,Karibu Airways,2
1982,PMT Air,1
1983,Liard Air,1
1984,Taquan Air Service,1
1985,Atran,1
1986,Air Moorea,1
1987,SeaWind Aviation,1
1988,China Airlines,15
1989,Two Taxi Aero,1
1990,Great Lakes Business Complany,1
1991,Galaxy Kavatsi Airlines,1
1992,One-Two-Go Airlines,1
1993,Africa One Congo,1
1994,Nacional de Aviacion,1
1995,Juba Air Cargo,2
1996,Atlasjet Airlines,1
1997,"Evergreen Alaska Helicopters, Inc.",1
1998,Castle Aviation,1
1999,Transaven,1
2000,Military - Macedonian Air Force,1
2001,Military - Polish Air Force,2
2002,Dirgantara Air Service,5
2003,Santa Barbara Airlines,1
2004,BHS - Brazilian Helicopter Service Air Taxi,1
2005,United Nations Mission,1
2006,Blue Wing Airlines,1
2007,Avtex Air Services,1
2008,Kata Transportation,1
2009,Hewa Bora Airways,2
2010,Military - Government of Equatorial Guinea,1
2011,Naftogaz,1
2012,Chelan Air Service,1
2013,Island Express Helicopter Service,1
2014,Moskovia Airlines,1
2015,Military - Servicio Aereo Nacional,1
2016,TACA International Airlines,1
2017,PHI Air Medical,1
2018,Military - Thai Army,1
2019,Air Methods / Classic Helicopters,1
2020,Ababeel Aviaition,1
2021,USA Jet Airlines,1
2022,Centurian Air Cargo,1
2023,East Coast Jets,1
2024,Junction City Fire Department,1
2025,Fly 540,1
2026,Spanair,1
2027,Itek Air,1
2028,Conviasa,2
2029,Air Tahoma,1
2030,Aerogulf,1
2031,Global Executive Aviation,1
2032,Maryland State Police,1
2033,Air Angles Inc.,1
2034,Falcon Aviation Group,1
2035,XL Airways leased from Air New Zealand,1
2036,Webstas Aviation Services Inc.,1
2037,Rotorcraft Leasing Co,1
2038,Alantis Aviation,1
2039,Empire Airlines leased from FedEx,1
2040,Petroleum Helicopters Inc,2
2041,US Airways,2
2042,Aerotaxi Manaus,1
2043,Continental Connection/Colgan Air,1
2044,Flight Service,1
2045,Aerolift,3
2046,Turkish Airlines,14
2047,Cougar Helicopters,1
2048,Eagle Cap Leasing,1
2049,Bond Offshore Helicopters,1
2050,Aviastar Mandiri,2
2051,Bako Air,1
2052,Strait Air,1
2053,Yemenia Airway,1
2054,Military - Pakistan Army,2
2055,Caspian Airlines,1
2056,Vertical-T Air,1
2057,Aria Airlines,1
2058,Bangkok Airlines,1
2059,Liberty Helicopter Sightseeing Tours / Private,1
2060,Airlines  PNG,1
2061,Aero Fret Business,1
2062,Military - Kazakhstan border guard service,1
2063,SA Airlink,1
2064,Omniflight Helicopters Inc.,1
2065,Victoria Air,3
2066,Azzi,1
2067,Divi Divi Air,1
2068,Russian Ministry of Interior,1
2069,Rwandair,1
2070,Mountain Lifeflight,1
2071,Avient Aviation,1
2072,Seair Seaplanes,1
2073,Alaska Central Express,1
2074,Piquiatuba Taxi Aereo,1
2075,Military - Yemeni Arm,1
2076,Airborne Freight Company Union,1
2077,Interisland Airlines,1
2078,Afriqiyah Airways,1
2079,Blue Wings Airlines,1
2080,Pamir Airlines,1
2081,Air India Express,1
2082,Aero Service,5
2083,Aéropro,1
2084,Military - Romainian Air Force,1
2085,Airblue,1
2086,All West Freight,1
2087,Katekavia Airline,1
2088,GCI Communications Corp.,1
2089,Branch River Air Service,1
2090,Agni Air,2
2091,Henan Airlines,1
2092,Filair,1
2093,Military - Venezuelan National Guard,1
2094,United Parcel Service- UPS,1
2095,Sky Dive New Zealand,1
2096,Conviasa Airline,1
2097,International Security Assistance Force,1
2098,Military - Tajik National Guard,1
2099,National Air Cargo,2
2100,Aerocaribbean,2
2101,JS Air,1
2102,NARZ,1
2103,Sun Way,1
2104,Dagestan Airlines,1
2105,Tara Air,2
2106,Kogalmavia,1
2107,Majuba Aviation,1
2108,Manx2,1
2109,Central American Airways,1
2110,Trans Air Cargo,1
2111,Pawan Hans Helicopters Ltd.,1
2112,AmazonavesAir Taxi,1
2113,SOL Lineas Aereas,1
2114,RusAir Airlines,1
2115,Silk Way Airlines,1
2116,Angara Airlines,1
2117,NOAR Linhas Aéreas,1
2118,Military - Royal Moroccan Air Force,1
2119,Avis Amur,1
2120,LifeNet,1
2121,Chilean Air Force,3
2122,Aerocon,6
2123,YAK Service,1
2124,Military - FANA Forca Aerea Nacional Angolana,1
2125,Private - Aero Trans Corp,1
2126,Arctic Sunwest Charters,1
2127,Buddha Air,1
2128,Nusantara Buana Air,1
2129,Airline PNG,1
2130,Northern Thunderbird Air Inc.,1
2131,Blue Hawaiian Helicopter,2
2132,Fuerza Aerea Mexicana,1
2133,Sundance Helicopters Inc.,1
2134,TRACEP Congo Aviation,1
2135,Jet One Express,1
2136,Military - Turkish Army (NATO),0
2137,UTAir,2
2138,Bhoja Airlines,1
2139,Military -Fuerza Aerea Colombiana,1
2140,Sukhoi,1
2141,Allied Air,2
2142,Dana Air,1
2143,HeliCusco,1
2144,Illegal flight,1
2145,Aviatour's Fly'n Inc.,1
2146,Alfa Airlines,1
2147,Petropavlovsk-Kamchatsky Air Enteprise,1
2148,Sita Air,1
2149,Fly Montserrat,1
2150,Military - Yemen Air Force,1
2151,Starwood Management LLC,1
2152,Military - Kazakhstan Border Guards,1
2153,Air Bagan,1
2154,Red Wings Airlines,1
2155,Med-Trans Corporaion,1
2156,Transaereo 5074,1
2157,SCAT Air,1
2158,South Airlines,1
2159,Compagnie Africaine d' Aviation (CAA),0
2160,Ace Air Cargo,1
2161,Ornge Air Ambulance,1
2162,Rediske Air,1
2163,United Parcel Service,2
2164,Associated Aviation,1
2165,MASwings,1
2166,Lao Airlines,2
2167,Military - Indonesian Army,1
2168,Bearskin Airlines,2
2169,Tararstan Airlilnes,1
2170,Bond Air Services Ltd.,1
2171,Mozambique Airline,1
2172,Heringer Taxi Aero,1
2173,IrAvia,1
2174,Scoala Superioara de Aviatie Civla,1
2175,Nepal Airlines,9
2176,Libyan Air Cargo,1
2177,Helicopters Inc / KOMO TV,1
2178,Lineas Aereas Comerciales,1
2179,Suomen Urheiluilmailijat,1
2180,Alisansa Colombia,1
2181,Laos Air Force,1
2182,Skyward International Aviation,1
2183,Military - Vietnam People's Army Air Force,1
2184,TransAsia Airways,1
2185,Sepahan Airlines,1
2186,Ukraine Air Alliance,2
2187,Safari Express Cargo,1
2188,Hevlift,1
2189,Air Evac Lifeteam,1
2190,Air Sirin,1
2191,AirAsia,1
2192,Syrian Air Force,1
2193,Transasia,2
2194,Germanwings,1
2195,Promech Air,1
2196,Military - Colombia Air Force,1
2197,Komala Air,1
2198,Rainbow King Lodge,1
2199,Avistar Mandari,1
2200,Metrojet,1
2201,Allied Services Limited,1
2202,Alpine Adventures,1
2203,Turuhan Avia,1
2204,West Air Sweden,1
2205,Daallo Airlines,1
2206,Kasthamandap Airlines,1
2207,True Aviation Ltd.,1
2208,Military - Ecuador Army,1
2209,Flydubai,1
2210,Marquise Aviation Corp.,1
2211,Smoky Mountain Helicopters,1
2212,Sunbird Aviation,1
2213,CHC Helikopter Service,1
2214,Heart of Texas Hot Air Balloon Rides,1
2215,Emirates,2
2216,Hageland Aviiation,1
2217,AE Aviation,1
2218,LAMIA Bolivia,1
2219,Indonesian Police,1
2220,Indonesian Air Force,8
2221,Russian Air Force,20
2222,My Cargo Airlines (ACT Airlines),0
2223,Australian Corporate Jet Centres PTY. LTD,1
2224,Swan Aviation,1
2225,ETA Air Charter,1
2226,Summit Air,2
2227,Military - Myanmar Air Force,2
2228,Angel Flight,1
2229,USMC,1
2230,Air Force of the Democratic Republic of the Congo,1
2231,Guicango,1
2232,Valan International Cargo Charter,1
2233,Costal Aviation,1
2234,West Wind Aviation,1
2235,Naure Air,1
2236,People's Liberation Army Air Force,2
2237,Papillon,2
2238,Saratov Airlines,1
2239,Iran Aseman Airlines,1
2240,Liberty Helicopters,1
2241,Mc Aviation,1
2242,US-Bangla Airlines,1
2243,Cubana (leased from Global Air),0
2244,Fly SAX,1
2245,Rovos Air,1
2246,Ju Air,1
2247,Air Niugini,1
2248,Fly Jamaica Airways,1
2249,Saha Air,3
2250,Atlas Air serving Amazon,1
2251,Laser Aereo Colombia,1
2252,Archipelagos Service Aereos,1
2253,TVPX Aircraft Solutions,1
2254,Aeroflot Russian International Airlines,1
2255,Busy Bee Congo,1
2256,Bek Air,1
2257,Sudanese Air Force,3
2258,Ukraine International Airlines,1
2259,Pegasus Airlines,1
2260,Lion Air Inc.,1
2261,Pakistan International Airline,17
2262,Air India Exppress,1
2263,South West Aviaiton,1
2264,Sriwijaya Air,1
2265,South Sudan Supreme Airlines,1
2266,Soloy Helicopters,1
2267,Kamchatka Aviation Enterprise,1
